City_ID,City,Country,Date,Lat,Lng,Max Temp,Humidity,Cloudiness,Wind Speed
0,Busselton,AU,2021-08-06 16:45:54,-33.65,115.3333,51.04,81,0,9.8
1,Korla,CN,2021-08-06 16:45:55,41.7597,86.1469,84.63,22,100,6.38
2,Shimoda,JP,2021-08-06 16:45:55,34.6667,138.95,78.1,88,45,7.92
3,Coquimbo,CL,2021-08-06 16:41:59,-29.9533,-71.3436,58.73,72,40,10.36
4,Kavieng,PG,2021-08-06 16:45:55,-2.5744,150.7967,82.08,76,99,9.98
5,Karratha,AU,2021-08-06 16:45:56,-20.7377,116.8463,68.86,59,8,10.58
6,Ayorou,NE,2021-08-06 16:45:56,14.7308,0.9174,96.19,34,73,2.62
7,Mataura,NZ,2021-08-06 16:45:57,-46.1927,168.8643,41.49,95,76,5.44
8,Kushima,JP,2021-08-06 16:45:57,31.4583,131.2333,77.63,94,21,5.01
9,Punta Arenas,CL,2021-08-06 16:45:57,-53.15,-70.9167,33.91,93,75,23.02
10,Ponta Do Sol,PT,2021-08-06 16:45:58,32.6667,-17.1,82.0,79,27,1.03
11,Rikitea,PF,2021-08-06 16:45:58,-23.1203,-134.9692,74.34,75,13,13.78
12,Qaanaaq,GL,2021-08-06 16:45:58,77.484,-69.3632,45.23,55,3,1.14
13,Ushuaia,AR,2021-08-06 16:43:49,-54.8,-68.3,40.62,75,75,12.66
14,Svetlogorsk,BY,2021-08-06 16:45:59,52.6333,29.7333,68.9,86,100,10.71
15,Torbay,CA,2021-08-06 16:45:59,47.6666,-52.7314,81.28,77,50,18.79
16,Kladanj,BA,2021-08-06 16:45:59,44.2264,18.6914,76.71,71,65,1.5
17,Mahajanga,MG,2021-08-06 16:46:00,-15.7167,46.3167,73.42,73,20,6.91
18,Tura,IN,2021-08-06 16:46:00,25.5198,90.2201,76.12,96,80,7.02
19,Kahului,US,2021-08-06 16:44:20,20.8947,-156.47,78.84,90,20,12.66
20,Eureka,US,2021-08-06 16:46:00,40.8021,-124.1637,69.21,88,62,1.99
21,Antofagasta,CL,2021-08-06 16:44:24,-23.65,-70.4,65.21,60,27,7.05
22,Pevek,RU,2021-08-06 16:46:01,69.7008,170.3133,40.26,91,97,1.54
23,Saryg-Sep,RU,2021-08-06 16:46:01,51.5,95.6,55.54,99,100,4.27
24,Poanas,MX,2021-08-06 16:46:01,25.7667,-103.6167,74.93,60,83,7.07
25,Severobaykalsk,RU,2021-08-06 16:46:02,55.65,109.3167,51.93,90,40,4.36
26,Sao Filipe,CV,2021-08-06 16:46:02,14.8961,-24.4956,78.01,80,72,7.16
27,Garowe,SO,2021-08-06 16:46:02,8.4054,48.4845,87.87,32,74,19.24
28,Sur,OM,2021-08-06 16:46:03,22.5667,59.5289,89.96,57,0,4.27
29,Fortuna,US,2021-08-06 16:46:03,40.5982,-124.1573,68.94,69,75,1.01
30,Kungurtug,RU,2021-08-06 16:46:03,50.5994,97.5228,53.17,97,100,4.05
31,Russell,US,2021-08-06 16:45:28,32.3502,-85.1999,85.78,62,1,8.05
32,Jamestown,US,2021-08-06 16:43:55,42.097,-79.2353,81.36,54,39,11.01
33,Maragogi,BR,2021-08-06 16:46:04,-9.0122,-35.2225,77.92,75,12,14.54
34,Praia Da Vitoria,PT,2021-08-06 16:46:04,38.7333,-27.0667,75.45,73,40,16.58
35,Albany,US,2021-08-06 16:46:04,42.6001,-73.9662,86.31,60,1,1.28
36,Upernavik,GL,2021-08-06 16:46:05,72.7868,-56.1549,42.49,92,100,9.42
37,Port Alfred,ZA,2021-08-06 16:46:05,-33.5906,26.891,59.76,81,17,9.89
38,Namibe,AO,2021-08-06 16:46:06,-15.1961,12.1522,69.37,83,3,7.7
39,Vostok,RU,2021-08-06 16:46:06,46.4856,135.8833,65.59,95,100,3.47
40,Hilo,US,2021-08-06 16:46:06,19.7297,-155.09,74.8,90,90,3.44
41,Souillac,MU,2021-08-06 16:46:07,-20.5167,57.5167,70.36,77,75,16.11
42,Goure,NE,2021-08-06 16:46:07,13.9835,10.2704,92.82,39,100,9.48
43,Yellowknife,CA,2021-08-06 16:46:07,62.456,-114.3525,64.92,55,75,12.66
44,Castro,BR,2021-08-06 16:46:08,-24.7911,-50.0119,69.24,49,39,7.92
45,Hami,CN,2021-08-06 16:46:08,42.8,93.45,83.97,17,60,11.72
46,Moose Factory,CA,2021-08-06 16:46:08,51.2585,-80.6094,53.6,94,90,9.22
47,San Patricio,US,2021-08-06 16:46:08,28.017,-97.5169,90.01,51,13,5.32
48,Viedma,AR,2021-08-06 16:46:09,-40.8135,-62.9967,69.06,28,100,11.86
49,Kapaa,US,2021-08-06 16:46:09,22.0752,-159.319,80.92,79,75,3.0
50,Bereda,ES,2021-08-06 16:46:10,43.2686,-7.5406,69.15,60,58,8.25
51,Guilin,CN,2021-08-06 16:46:10,25.2819,110.2864,78.91,84,97,3.71
52,Marsaxlokk,MT,2021-08-06 16:46:10,35.8419,14.5431,92.01,31,0,13.8
53,Bluff,NZ,2021-08-06 16:46:11,-46.6,168.3333,41.81,71,77,20.2
54,Torbat-E Jam,IR,2021-08-06 16:46:11,35.244,60.6225,82.63,17,0,10.98
55,Cape Town,ZA,2021-08-06 16:46:11,-33.9258,18.4232,61.09,75,0,2.3
56,Muravlenko,RU,2021-08-06 16:46:13,63.7898,74.523,69.3,60,18,8.16
57,Lagoa,PT,2021-08-06 16:46:13,39.05,-27.9833,70.63,66,60,17.07
58,Andenes,NO,2021-08-06 16:46:14,69.3143,16.1194,63.46,77,0,4.61
59,Maniitsoq,GL,2021-08-06 16:46:14,65.4167,-52.9,43.59,86,100,21.47
60,Deputatskiy,RU,2021-08-06 16:46:14,69.3,139.9,31.62,97,44,3.51
61,Sisimiut,GL,2021-08-06 16:46:15,66.9395,-53.6735,43.74,82,100,21.45
62,Iquitos,PE,2021-08-06 16:46:15,-3.7481,-73.2472,87.84,62,40,3.44
63,Nevel,RU,2021-08-06 16:46:15,56.0209,29.9284,62.53,99,100,9.37
64,Camana,PE,2021-08-06 16:46:16,-16.6228,-72.7111,64.42,76,18,8.55
65,Mount Gambier,AU,2021-08-06 16:46:16,-37.8333,140.7667,46.31,100,40,8.05
66,Khatanga,RU,2021-08-06 16:46:16,71.9667,102.5,54.32,51,64,9.24
67,Atuona,PF,2021-08-06 16:44:52,-9.8,-139.0333,77.45,78,18,16.06
68,Strezhevoy,RU,2021-08-06 16:46:17,60.7333,77.5889,62.58,75,90,5.73
69,Zlobin,HR,2021-08-06 16:46:17,45.2924,14.6541,71.15,65,20,4.61
70,Esperance,AU,2021-08-06 16:46:18,-33.8667,121.9,49.84,55,0,14.65
71,Carnarvon,AU,2021-08-06 16:46:18,-24.8667,113.6333,60.87,65,90,4.61
72,Beyla,GN,2021-08-06 16:46:18,8.6833,-8.6333,76.5,72,94,5.79
73,Tuktoyaktuk,CA,2021-08-06 16:46:19,69.4541,-133.0374,39.2,93,90,12.66
74,Bredasdorp,ZA,2021-08-06 16:46:19,-34.5322,20.0403,57.27,82,20,4.61
75,Nioro,GM,2021-08-06 16:46:19,13.35,-15.75,84.02,67,97,11.01
76,Opuwo,NA,2021-08-06 16:46:20,-18.0607,13.84,74.46,17,0,6.38
77,Linhares,BR,2021-08-06 16:44:05,-19.3911,-40.0722,76.93,49,70,11.86
78,North Branch,US,2021-08-06 16:46:20,45.5113,-92.9802,80.85,88,25,3.04
79,Port Elizabeth,ZA,2021-08-06 16:46:20,-33.918,25.5701,57.49,88,0,2.3
80,Chuy,UY,2021-08-06 16:46:21,-33.6971,-53.4616,65.68,73,87,7.78
81,Carhuaz,PE,2021-08-06 16:46:21,-9.2819,-77.6447,69.24,27,0,4.07
82,Kavaratti,IN,2021-08-06 16:46:22,10.5669,72.642,82.0,80,89,23.15
83,Lata,PT,2021-08-06 16:46:22,40.1629,-8.3327,80.04,48,56,11.63
84,Goderich,CA,2021-08-06 16:43:23,43.7501,-81.7165,85.03,61,65,11.5
85,Asau,RO,2021-08-06 16:46:22,46.4333,26.4,74.32,50,84,8.93
86,Ruteng,ID,2021-08-06 16:46:23,-8.6136,120.4721,61.63,95,96,3.31
87,Barrow,US,2021-08-06 16:46:23,71.2906,-156.7887,35.62,87,90,11.5
88,Pisco,PE,2021-08-06 16:46:23,-13.7,-76.2167,64.45,72,75,2.3
89,Klaksvik,FO,2021-08-06 16:46:24,62.2266,-6.589,61.72,97,100,11.99
90,Butaritari,KI,2021-08-06 16:46:24,3.0707,172.7902,83.34,68,34,11.05
91,Port-Gentil,GA,2021-08-06 16:46:24,-0.7193,8.7815,80.56,69,40,10.36
92,Geraldton,AU,2021-08-06 16:46:25,-28.7667,114.6,54.01,58,75,16.11
93,Poso,ID,2021-08-06 16:46:25,-1.3959,120.7524,77.59,84,97,5.73
94,Gazanjyk,TM,2021-08-06 16:46:25,39.2446,55.5154,96.22,13,0,3.13
95,Vaini,TO,2021-08-06 16:46:26,-21.2,-175.2,73.6,72,12,15.68
96,Noumea,NC,2021-08-06 16:46:26,-22.2763,166.4572,57.18,74,76,3.4
97,San Francisco,US,2021-08-06 16:44:45,37.7749,-122.4194,78.64,85,75,1.99
98,Tiksi,RU,2021-08-06 16:46:26,71.6872,128.8694,39.25,95,52,9.37
99,Mitu,CO,2021-08-06 16:46:27,1.1983,-70.1733,90.64,42,11,0.94
100,Cayenne,GF,2021-08-06 16:46:27,4.9333,-52.3333,84.24,74,75,10.36
101,Kodiak,US,2021-08-06 16:46:27,57.79,-152.4072,54.91,88,90,0.0
102,Mar Del Plata,AR,2021-08-06 16:46:28,-38.0023,-57.5575,62.1,94,90,3.0
103,Vysokogornyy,RU,2021-08-06 16:46:28,50.1167,139.15,62.13,99,100,1.03
104,Otane,NZ,2021-08-06 16:46:28,-39.8833,176.6333,45.39,95,50,2.77
105,Camacupa,AO,2021-08-06 16:46:29,-12.0167,17.4833,70.61,15,1,4.12
106,Mehamn,NO,2021-08-06 16:46:29,71.0357,27.8492,58.95,67,0,2.3
107,Mayumba,GA,2021-08-06 16:46:29,-3.432,10.6554,74.84,80,36,6.89
108,Poronaysk,RU,2021-08-06 16:46:29,49.2167,143.1167,60.73,99,100,6.08
109,Nikolskoye,RU,2021-08-06 16:46:30,59.7035,30.7861,63.01,83,99,8.61
110,Chara,RU,2021-08-06 16:46:30,56.9064,118.2631,56.05,91,100,0.25
111,Cabo San Lucas,MX,2021-08-06 16:46:06,22.8909,-109.9124,90.61,69,20,3.0
112,Constitucion,CL,2021-08-06 16:46:30,-35.3333,-72.4167,57.11,71,100,5.53
113,Norden,DE,2021-08-06 16:46:31,53.6,7.2,69.94,68,69,15.08
114,Kasongo-Lunda,CD,2021-08-06 16:46:31,-6.4667,16.8167,85.39,20,11,3.22
115,Georgetown,MY,2021-08-06 16:46:31,5.4112,100.3354,83.89,84,20,0.0
116,Tefe,BR,2021-08-06 16:46:32,-3.3542,-64.7114,86.11,79,40,6.91
117,Tasiilaq,GL,2021-08-06 16:46:32,65.6145,-37.6368,44.76,83,100,2.3
118,Dikson,RU,2021-08-06 16:46:32,73.5069,80.5464,53.8,82,45,8.88
119,Zhicheng,CN,2021-08-06 16:46:32,30.2956,111.5047,82.29,72,43,3.09
120,Port-Cartier,CA,2021-08-06 16:46:33,50.0334,-66.8654,68.76,59,66,8.46
121,Saint-Philippe,RE,2021-08-06 16:46:33,-21.3585,55.7679,67.59,84,70,14.25
122,Hasaki,JP,2021-08-06 16:46:33,35.7333,140.8333,79.2,89,5,6.64
123,Lacolle,CA,2021-08-06 16:46:34,45.0834,-73.3659,87.66,66,13,4.25
124,Gweta,BW,2021-08-06 16:46:34,-20.1833,25.2333,69.06,22,0,5.61
125,Avarua,CK,2021-08-06 16:46:34,-21.2078,-159.775,68.05,94,40,4.61
126,Houma,US,2021-08-06 16:42:06,29.5958,-90.7195,87.01,70,1,4.61
127,Guerrero Negro,MX,2021-08-06 16:46:14,27.9769,-114.0611,79.45,60,20,1.72
128,Hualmay,PE,2021-08-06 16:46:35,-11.0964,-77.6139,68.81,68,19,11.25
129,Narsaq,GL,2021-08-06 16:46:35,60.9167,-46.05,57.42,57,54,4.0
130,Nagamangala,IN,2021-08-06 16:46:35,12.8156,76.7575,72.36,84,100,12.68
131,Fukue,JP,2021-08-06 16:46:36,32.6881,128.8419,83.53,77,9,9.95
132,Bathsheba,BB,2021-08-06 16:46:36,13.2167,-59.5167,88.41,62,40,19.57
133,Onega,RU,2021-08-06 16:46:36,63.9061,38.1404,58.53,63,7,3.76
134,Severo-Kurilsk,RU,2021-08-06 16:46:37,50.6789,156.125,52.52,81,96,10.4
135,San Cristobal,VE,2021-08-06 16:46:37,7.7669,-72.225,84.38,50,44,7.78
136,Tessalit,ML,2021-08-06 16:46:37,20.1986,1.0114,103.3,19,12,10.11
137,Hobart,AU,2021-08-06 16:45:02,-42.8794,147.3294,51.66,74,40,14.97
138,Zwedru,LR,2021-08-06 16:46:38,6.0667,-8.1281,80.38,68,99,2.71
139,Grindavik,IS,2021-08-06 16:46:38,63.8424,-22.4338,55.87,88,75,11.5
140,Praya,CV,2021-08-06 16:46:38,14.9215,-23.5087,84.74,65,20,14.97
141,Ostrovnoy,RU,2021-08-06 16:46:39,68.0531,39.5131,57.04,75,49,7.2
142,Illela,NG,2021-08-06 16:46:39,13.7292,5.2975,94.14,40,88,8.77
143,Bengkulu,ID,2021-08-06 16:46:40,-3.8004,102.2655,76.71,89,72,3.69
144,Norman Wells,CA,2021-08-06 16:43:12,65.282,-126.8329,59.04,88,75,2.3
145,Wenling,CN,2021-08-06 16:46:40,28.3669,121.36,79.92,91,100,5.91
146,Marystown,CA,2021-08-06 16:46:40,47.1666,-55.1483,77.86,100,55,5.99
147,Meulaboh,ID,2021-08-06 16:46:40,4.1363,96.1285,78.44,85,98,4.21
148,Richards Bay,ZA,2021-08-06 16:46:41,-28.783,32.0377,66.4,83,40,14.65
149,Traverse City,US,2021-08-06 16:43:12,44.7631,-85.6206,73.83,78,90,6.91
150,Nanortalik,GL,2021-08-06 16:46:41,60.1432,-45.2371,48.4,84,98,13.24
151,Karimpur,IN,2021-08-06 16:46:41,23.9667,88.6167,84.51,81,91,5.32
152,Mecca,SA,2021-08-06 16:42:17,21.4267,39.8261,94.08,34,1,11.61
153,Hermanus,ZA,2021-08-06 16:46:42,-34.4187,19.2345,59.9,80,0,3.65
154,Victoria Point,AU,2021-08-06 16:46:42,-27.5833,153.3,53.91,87,28,4.74
155,Beyneu,KZ,2021-08-06 16:46:43,45.3167,55.2,96.15,22,25,13.85
156,Copiapo,CL,2021-08-06 16:41:59,-27.3667,-70.3333,56.89,25,1,6.26
157,Zambezi,ZM,2021-08-06 16:46:43,-13.5432,23.1047,67.41,14,0,3.51
158,Puerto Ayora,EC,2021-08-06 16:46:43,-0.7393,-90.3518,76.96,92,83,8.01
159,Fillan,NO,2021-08-06 16:46:44,63.6064,8.9696,67.44,75,22,9.86
160,Kaitangata,NZ,2021-08-06 16:46:44,-46.2817,169.8464,46.92,73,100,9.48
161,Keffi,NG,2021-08-06 16:46:44,8.8486,7.8736,84.58,91,100,4.9
162,Sungaipenuh,ID,2021-08-06 16:46:44,-2.0833,101.3833,65.07,97,93,2.3
163,Khovu-Aksy,RU,2021-08-06 16:46:45,51.1333,93.6,53.4,90,100,3.67
164,Saint George,US,2021-08-06 16:46:45,37.1041,-113.5841,99.07,19,1,4.0
165,Rudnogorsk,RU,2021-08-06 16:46:46,57.2639,103.7519,56.34,96,100,5.7
166,Cidreira,BR,2021-08-06 16:46:46,-30.1811,-50.2056,63.59,77,91,14.41
167,Laguna,US,2021-08-06 16:46:46,38.421,-121.4238,84.7,73,1,3.44
168,Port Hardy,CA,2021-08-06 16:45:10,50.6996,-127.4199,57.38,94,90,2.3
169,Seoul,KR,2021-08-06 16:45:40,37.5683,126.9778,78.4,78,0,5.75
170,New Norfolk,AU,2021-08-06 16:46:47,-42.7826,147.0587,51.3,73,98,4.0
171,Cherskiy,RU,2021-08-06 16:46:47,68.75,161.3,39.25,97,88,3.22
172,Jumla,NP,2021-08-06 16:46:47,29.2747,82.1838,63.5,94,99,3.11
173,Usakos,NA,2021-08-06 16:46:48,-22.0,15.6,72.0,17,0,9.93
174,Yeppoon,AU,2021-08-06 16:46:48,-23.1333,150.7333,47.98,88,100,6.38
175,Gigmoto,PH,2021-08-06 16:46:48,13.7796,124.39,81.93,84,100,10.42
176,Kenai,US,2021-08-06 16:46:49,60.5544,-151.2583,59.02,92,75,8.05
177,Bethel,US,2021-08-06 16:46:49,41.3712,-73.414,88.81,51,20,1.01
178,Bandiagara,ML,2021-08-06 16:46:49,14.3501,-3.6104,89.56,43,100,7.36
179,Dowa,MW,2021-08-06 16:46:50,-13.654,33.9375,61.12,45,1,3.04
180,Thompson,CA,2021-08-06 16:46:50,55.7435,-97.8558,62.76,63,90,4.61
181,Nizhneivkino,RU,2021-08-06 16:46:50,58.194,49.5214,59.11,63,51,3.38
182,Canutama,BR,2021-08-06 16:46:51,-6.5339,-64.3831,99.41,21,1,2.95
183,Provideniya,RU,2021-08-06 16:46:51,64.3833,-173.3,49.51,94,100,5.61
184,Dingle,PH,2021-08-06 16:46:51,10.9995,122.6711,77.59,89,94,7.83
185,Luderitz,NA,2021-08-06 16:46:51,-26.6481,15.1594,59.61,63,35,5.59
186,Kunming,CN,2021-08-06 16:46:52,25.0389,102.7183,67.93,73,0,11.18
187,Hofn,IS,2021-08-06 16:46:52,64.2539,-15.2082,55.42,76,90,5.75
188,Katsuura,JP,2021-08-06 16:46:53,35.1333,140.3,80.71,88,2,7.18
189,Nang Rong,TH,2021-08-06 16:46:53,14.6377,102.7914,77.32,85,98,6.31
190,Hun,LY,2021-08-06 16:46:53,29.1268,15.9477,104.32,7,0,3.71
191,Nyurba,RU,2021-08-06 16:46:53,63.2842,118.3319,58.12,56,100,4.68
192,Hervey Bay,AU,2021-08-06 16:46:54,-25.2986,152.8535,55.02,87,59,1.01
193,Tukrah,LY,2021-08-06 16:46:54,32.5341,20.5791,86.41,55,0,4.0
194,Turayf,SA,2021-08-06 16:46:54,31.6725,38.6637,93.45,20,0,18.41
195,Hearst,CA,2021-08-06 16:46:55,49.6835,-83.6665,55.65,98,100,8.21
196,Dezful,IR,2021-08-06 16:46:55,32.3811,48.4058,102.61,16,56,6.53
197,Batamshinskiy,KZ,2021-08-06 16:46:55,50.5594,58.2747,73.38,33,20,15.35
198,Imbituba,BR,2021-08-06 16:44:42,-28.24,-48.6703,68.83,76,100,14.05
199,Hirara,JP,2021-08-06 16:46:56,24.8,125.2833,82.8,87,100,30.38
200,Tucuma,BR,2021-08-06 16:46:56,-0.1833,-50.05,89.83,48,65,6.24
201,Fort Dodge,US,2021-08-06 16:46:24,42.4975,-94.168,83.43,69,40,6.91
202,Ankazoabo,MG,2021-08-06 16:46:56,-22.2833,44.5167,68.0,37,5,4.83
203,Namatanai,PG,2021-08-06 16:46:57,-3.6667,152.4333,78.44,83,100,9.64
204,Tadine,NC,2021-08-06 16:46:57,-21.55,167.8833,65.5,73,44,9.19
205,Vardo,NO,2021-08-06 16:46:57,70.3705,31.1107,67.75,76,0,8.05
206,Vinh,VN,2021-08-06 16:46:58,18.6667,105.6667,82.89,72,80,6.98
207,Canoinhas,BR,2021-08-06 16:46:58,-26.1772,-50.39,71.65,43,84,5.37
208,Cap Malheureux,MU,2021-08-06 16:46:58,-19.9842,57.6142,70.47,69,24,8.01
209,Mahebourg,MU,2021-08-06 16:46:59,-20.4081,57.7,70.25,77,75,16.11
210,Hamilton,US,2021-08-06 16:46:59,39.1834,-84.5333,86.04,57,40,3.0
211,Sitka,US,2021-08-06 16:46:59,57.0531,-135.33,58.89,82,90,3.44
212,East London,ZA,2021-08-06 16:46:59,-33.0153,27.9116,59.94,88,0,11.5
213,Neryungri,RU,2021-08-06 16:47:00,56.6709,124.6491,54.19,97,100,4.14
214,Hithadhoo,MV,2021-08-06 16:47:00,-0.6,73.0833,80.92,73,99,1.25
215,Iskateley,RU,2021-08-06 16:47:01,67.6803,53.1512,50.59,81,100,7.81
216,Lhokseumawe,ID,2021-08-06 16:47:01,5.1801,97.1507,78.89,85,76,3.78
217,Longyearbyen,SJ,2021-08-06 16:47:01,78.2186,15.6401,46.24,76,75,5.75
218,Makakilo City,US,2021-08-06 16:47:02,21.3469,-158.0858,77.32,74,20,4.61
219,Wahiawa,US,2021-08-06 16:47:02,21.5028,-158.0236,75.52,85,90,0.0
220,Thunder Bay,CA,2021-08-06 16:47:02,48.4001,-89.3168,70.29,76,90,6.91
221,Arroyo,ES,2021-08-06 16:47:03,41.6096,-4.7969,84.72,24,0,19.57
222,Shakawe,BW,2021-08-06 16:47:03,-18.3667,21.85,69.17,17,0,5.86
223,Ola,RU,2021-08-06 16:47:03,59.5833,151.2833,53.17,67,58,11.54
224,Chokurdakh,RU,2021-08-06 16:47:04,70.6333,147.9167,40.78,83,100,7.52
225,Borogontsy,RU,2021-08-06 16:47:04,62.6683,131.1683,62.11,55,62,9.13
226,Ban Phai,TH,2021-08-06 16:47:04,16.06,102.731,82.98,77,85,13.56
227,Jablonne Nad Orlici,CZ,2021-08-06 16:47:05,50.0296,16.6006,68.95,78,56,5.41
228,Zhezkazgan,KZ,2021-08-06 16:47:05,47.8043,67.7144,83.59,24,1,7.09
229,Reftinskiy,RU,2021-08-06 16:47:05,57.0901,61.6769,63.0,79,100,4.88
230,Bubaque,GW,2021-08-06 16:47:06,11.2833,-15.8333,79.47,82,96,20.65
231,Samandag,TR,2021-08-06 16:47:06,36.0842,35.9771,91.92,81,11,9.22
232,Yelizovo,RU,2021-08-06 16:47:06,53.1873,158.3805,50.14,93,75,6.71
233,Howard Springs,AU,2021-08-06 16:47:06,-12.497,131.047,69.82,33,66,7.72
234,Leningradskiy,RU,2021-08-06 16:47:07,69.3833,178.4167,35.51,86,100,9.6
235,Herat,AF,2021-08-06 16:47:07,34.5,62.0,83.25,15,0,25.05
236,Anadyr,RU,2021-08-06 16:47:07,64.75,177.4833,50.5,93,75,4.0
237,Yanam,IN,2021-08-06 16:47:08,16.7333,82.2167,84.6,75,61,3.96
238,Masuguru,TZ,2021-08-06 16:47:08,-11.3667,38.4167,80.67,32,12,3.0
239,Bilma,NE,2021-08-06 16:47:08,18.6853,12.9164,105.96,7,48,4.03
240,Rio Piracicaba,BR,2021-08-06 16:47:09,-19.9292,-43.1742,74.41,39,96,6.31
241,Jiuquan,CN,2021-08-06 16:47:09,39.7432,98.5174,78.22,21,57,3.49
242,Codrington,AU,2021-08-06 16:47:10,-38.2667,141.9667,49.48,90,100,9.35
243,Kalemie,CD,2021-08-06 16:47:10,-5.9475,29.1947,75.13,61,25,4.0
244,Sarkand,KZ,2021-08-06 16:47:10,45.41,79.9186,64.76,41,13,3.65
245,Sale,MA,2021-08-06 16:47:11,34.0389,-6.8166,82.42,73,40,6.91
246,Ludvika,SE,2021-08-06 16:47:11,60.1496,15.1878,70.03,46,98,5.73
247,Kolokani,ML,2021-08-06 16:47:11,13.5728,-8.0339,82.2,68,89,8.1
248,Marawi,PH,2021-08-06 16:47:11,7.9986,124.2928,67.64,88,100,3.44
249,Manono,CD,2021-08-06 16:47:12,-7.3,27.4167,84.96,24,2,1.86
250,Calvinia,ZA,2021-08-06 16:47:12,-31.4707,19.776,55.54,32,24,5.44
251,Chengzihe,CN,2021-08-06 16:47:13,45.3333,131.0667,67.91,88,99,1.1
252,Vozdvizhenka,RU,2021-08-06 16:47:13,43.9,131.95,73.15,93,100,6.35
253,Comodoro Rivadavia,AR,2021-08-06 16:46:02,-45.8667,-67.5,55.26,41,75,12.66
254,Chapleau,CA,2021-08-06 16:47:13,47.8405,-83.4034,66.29,88,90,10.36
255,Mahuva,IN,2021-08-06 16:47:14,21.0914,71.7622,81.43,80,100,12.21
256,Sakaide,JP,2021-08-06 16:47:14,34.3167,133.85,81.54,82,58,5.03
257,Karakol,KG,2021-08-06 16:43:44,42.4907,78.3936,60.91,50,64,3.49
258,Banda Aceh,ID,2021-08-06 16:47:15,5.5577,95.3222,80.58,79,98,11.01
259,Pangai,TO,2021-08-06 16:47:15,-19.8,-174.35,75.85,69,63,11.7
260,Caravelas,BR,2021-08-06 16:47:15,-17.7125,-39.2481,74.46,58,59,9.69
261,Airai,TL,2021-08-06 16:47:16,-8.9266,125.4092,54.1,84,47,3.6
262,Crossford,GB,2021-08-06 16:47:16,56.05,-3.5,66.02,82,0,3.44
263,Lipari,IT,2021-08-06 16:47:16,38.4674,14.954,84.94,67,0,10.6
264,Fairbanks,US,2021-08-06 16:47:17,64.8378,-147.7164,66.16,84,90,1.99
265,Navahrudak,BY,2021-08-06 16:47:17,53.6,25.8333,60.87,91,32,13.15
266,Broken Hill,AU,2021-08-06 16:47:17,-31.95,141.4333,47.91,81,12,5.75
267,Banff,CA,2021-08-06 16:46:49,51.1762,-115.5698,73.58,63,100,8.05
268,Linqiong,CN,2021-08-06 16:47:18,30.4159,103.4609,84.02,87,96,3.02
269,Puerto Leguizamo,CO,2021-08-06 16:47:18,-0.1934,-74.7819,84.4,59,88,2.93
270,Matadi,CD,2021-08-06 16:47:18,-5.8167,13.45,88.84,40,24,8.46
271,Eau Claire,US,2021-08-06 16:46:22,44.8114,-91.4985,77.86,78,90,0.0
272,Fare,PF,2021-08-06 16:47:19,-16.7,-151.0167,78.33,74,10,10.56
273,Saint-Michel-Des-Saints,CA,2021-08-06 16:47:19,46.6834,-73.9159,81.93,38,100,10.45
274,Carauari,BR,2021-08-06 16:47:19,-4.8828,-66.8958,96.67,34,1,1.66
275,Kruisfontein,ZA,2021-08-06 16:47:20,-34.0033,24.7314,54.88,88,64,4.16
276,Gidam,IN,2021-08-06 16:47:20,18.9833,81.4,73.92,91,79,2.19
277,Leshukonskoye,RU,2021-08-06 16:47:20,64.8989,45.7622,56.26,66,98,3.27
278,Saskylakh,RU,2021-08-06 16:47:21,71.9167,114.0833,45.59,88,100,10.2
279,Buzdyak,RU,2021-08-06 16:47:21,54.5833,54.55,62.28,44,37,7.7
280,Hit,IQ,2021-08-06 16:47:22,33.6416,42.8251,106.05,12,71,11.16
281,Phan Thiet,VN,2021-08-06 16:45:54,10.9333,108.1,79.88,87,84,8.93
282,Lebu,CL,2021-08-06 16:47:22,-37.6167,-73.65,52.75,83,100,6.38
283,Ribeira Grande,PT,2021-08-06 16:47:22,38.5167,-28.7,77.4,57,20,11.5
284,Husavik,IS,2021-08-06 16:47:23,66.0449,-17.3389,57.11,66,26,6.29
285,Liwale,TZ,2021-08-06 16:47:23,-9.7667,37.9333,75.61,42,98,2.44
286,Lowestoft,GB,2021-08-06 16:47:23,52.4752,1.7516,72.25,65,55,16.49
287,Baturaja,ID,2021-08-06 16:47:24,-4.1333,104.1667,74.05,87,83,3.09
288,Larreynaga,NI,2021-08-06 16:47:24,12.6769,-86.5719,87.6,48,22,3.6
289,Port Macquarie,AU,2021-08-06 16:47:24,-31.4333,152.9167,42.89,80,0,5.41
290,Asyut,EG,2021-08-06 16:47:25,27.181,31.1837,105.98,11,0,10.13
291,Zaraza,VE,2021-08-06 16:47:25,9.3503,-65.3245,86.61,59,7,4.85
292,Lamu,KE,2021-08-06 16:47:25,-2.2717,40.902,75.42,81,11,14.97
293,Rocha,UY,2021-08-06 16:47:25,-34.4833,-54.3333,68.79,69,86,9.64
294,Kholm,RU,2021-08-06 16:47:26,59.2667,32.85,59.9,86,100,10.42
295,Scottsbluff,US,2021-08-06 16:47:26,41.8666,-103.6672,81.72,41,1,12.66
296,Brae,GB,2021-08-06 16:47:27,60.3964,-1.353,60.71,80,100,19.04
297,Bonito,BR,2021-08-06 16:42:34,-21.1211,-56.4819,89.89,18,1,6.17
298,Touros,BR,2021-08-06 16:47:27,-5.1989,-35.4608,86.9,55,99,18.9
299,Xining,CN,2021-08-06 16:47:27,36.6167,101.7667,54.43,87,8,1.5
300,Porto Walter,BR,2021-08-06 16:47:28,-8.2686,-72.7439,95.67,22,3,2.84
301,Kawalu,ID,2021-08-06 16:47:28,-7.3817,108.2082,72.7,96,74,1.16
302,Bowen,AU,2021-08-06 16:47:28,-20.0167,148.2333,53.82,82,100,9.69
303,Coos Bay,US,2021-08-06 16:47:29,43.3665,-124.2179,71.85,94,90,0.0
304,Yaqui,MX,2021-08-06 16:47:29,27.3667,-110.1667,90.18,59,17,10.87
305,Walvis Bay,NA,2021-08-06 16:47:30,-22.9575,14.5053,61.75,72,2,11.5
306,Avera,US,2021-08-06 16:47:30,33.194,-82.5271,76.91,83,100,7.87
307,Ixtapa,MX,2021-08-06 16:47:30,20.7,-105.2,85.23,76,100,1.99
308,Ewa Beach,US,2021-08-06 16:47:30,21.3156,-158.0072,78.75,74,20,8.01
309,Rio Gallegos,AR,2021-08-06 16:47:31,-51.6226,-69.2181,44.65,29,75,37.98
310,Murray Bridge,AU,2021-08-06 16:47:31,-35.1167,139.2667,53.35,86,30,6.76
311,Kalabo,ZM,2021-08-06 16:47:31,-14.97,22.6814,69.04,14,0,4.09
312,Drumheller,CA,2021-08-06 16:47:32,51.4617,-112.7101,75.04,63,90,1.14
313,Salalah,OM,2021-08-06 16:47:32,17.0151,54.0924,78.89,94,90,8.05
314,Voh,NC,2021-08-06 16:47:33,-20.9667,164.7,57.67,81,40,4.12
315,Lompoc,US,2021-08-06 16:47:33,34.6391,-120.4579,64.08,93,90,4.61
316,Ancud,CL,2021-08-06 16:47:33,-41.8697,-73.8203,53.42,80,100,14.05
317,Kaliganj,BD,2021-08-06 16:47:34,23.4095,89.1402,83.37,84,97,6.46
318,Okhotsk,RU,2021-08-06 16:47:34,59.3833,143.3,52.57,66,13,12.19
319,Talcahuano,CL,2021-08-06 16:47:34,-36.7167,-73.1167,51.48,93,90,3.44
320,Inhapi,BR,2021-08-06 16:47:35,-9.2214,-37.7486,78.69,57,77,13.56
321,Arraial Do Cabo,BR,2021-08-06 16:47:35,-22.9661,-42.0278,73.26,64,40,17.27
322,Vilhena,BR,2021-08-06 16:47:35,-12.7406,-60.1458,86.22,30,0,10.36
323,Kargil,IN,2021-08-06 16:47:36,34.5667,76.1,61.75,41,83,8.1
324,Manaure,CO,2021-08-06 16:47:36,11.7751,-72.4445,90.28,54,24,14.99
325,Ko Samui,TH,2021-08-06 16:47:36,9.5357,99.9357,83.55,74,100,19.86
326,Rawson,AR,2021-08-06 16:47:37,-43.3002,-65.1023,62.82,36,100,13.89
327,Yaan,NG,2021-08-06 16:47:37,7.3833,8.5667,75.63,90,99,5.19
328,Mwinilunga,ZM,2021-08-06 16:47:37,-11.7358,24.4293,66.63,20,0,5.48
329,Vila,PT,2021-08-06 16:47:38,42.0304,-8.1588,68.74,60,29,8.72
330,Komsomolskiy,UZ,2021-08-06 16:47:38,40.4272,71.7189,84.92,32,93,11.5
331,Varkaus,FI,2021-08-06 16:47:38,62.3153,27.873,68.11,47,68,7.83
332,Morant Bay,JM,2021-08-06 16:47:39,17.8815,-76.4093,89.22,67,24,13.94
333,Tuatapere,NZ,2021-08-06 16:47:39,-46.1333,167.6833,41.83,88,70,9.53
334,Talnakh,RU,2021-08-06 16:47:39,69.4865,88.3972,67.37,53,34,1.66
335,Waddan,LY,2021-08-06 16:47:40,29.1614,16.139,104.29,7,0,5.66
336,Shenjiamen,CN,2021-08-06 16:47:40,29.9576,122.298,78.64,86,97,9.66
337,Hobyo,SO,2021-08-06 16:47:40,5.3505,48.5268,76.39,79,100,28.05
338,Slave Lake,CA,2021-08-06 16:47:40,55.2834,-114.769,66.18,77,40,12.66
339,Pingxiang,CN,2021-08-06 16:47:41,27.6167,113.85,79.07,91,76,0.85
340,Gat,IL,2021-08-06 16:47:42,31.61,34.7642,92.08,43,0,6.85
341,Puerto Ayacucho,VE,2021-08-06 16:47:42,5.6639,-67.6236,84.88,62,8,4.43
342,Coahuayana,MX,2021-08-06 16:47:43,18.7333,-103.6833,86.2,67,87,3.53
343,Powassan,CA,2021-08-06 16:47:43,46.0334,-79.3496,77.65,54,95,12.35
344,Dunedin,NZ,2021-08-06 16:47:40,-45.8742,170.5036,46.8,65,100,21.99
345,Sohag,EG,2021-08-06 16:47:44,26.557,31.6948,104.29,10,0,10.69
346,Taoudenni,ML,2021-08-06 16:47:44,22.6783,-3.9836,113.0,13,2,12.44
347,Flinders,AU,2021-08-06 16:47:45,-34.5833,150.8552,51.21,72,0,1.99
348,Ust-Omchug,RU,2021-08-06 16:47:45,61.15,149.6333,40.05,94,97,6.8
349,Ailigandi,PA,2021-08-06 16:47:45,9.2333,-78.0167,83.68,74,69,3.51
350,Yuci,CN,2021-08-06 16:47:46,37.6803,112.7319,76.75,61,0,11.18
351,Laguna De Perlas,NI,2021-08-06 16:47:46,12.3429,-83.6712,82.49,86,100,11.95
352,Ahipara,NZ,2021-08-06 16:47:46,-35.1667,173.1667,55.06,86,28,20.87
353,Nanakuli,US,2021-08-06 16:47:47,21.3906,-158.1547,78.75,73,20,4.61
354,Wajid,SO,2021-08-06 16:47:47,3.8093,43.2471,82.96,37,66,8.41
355,Gladstone,AU,2021-08-06 16:47:47,-23.85,151.25,53.78,82,100,5.75
356,Huilong,CN,2021-08-06 16:47:48,31.8111,121.655,83.03,83,2,7.74
357,Verkhnyaya Inta,RU,2021-08-06 16:47:48,65.9811,60.3094,50.81,97,100,6.6
358,Ulaanbaatar,MN,2021-08-06 16:47:48,47.9077,106.8832,62.73,63,40,22.37
359,Kabale,UG,2021-08-06 16:47:48,-1.2486,29.9899,65.5,61,95,1.41
360,Gillette,US,2021-08-06 16:42:59,44.2911,-105.5022,80.06,38,1,10.36
361,Solnechnyy,RU,2021-08-06 16:47:49,50.7214,136.6319,56.03,99,99,4.79
362,Oktyabrskoye,RU,2021-08-06 16:47:49,43.0645,44.7417,77.14,73,0,6.71
363,Bonthe,SL,2021-08-06 16:47:49,7.5264,-12.505,81.54,63,88,9.73
364,Sovetskiy,RU,2021-08-06 16:47:50,61.3614,63.5842,56.08,98,100,6.98
365,Saldanha,ZA,2021-08-06 16:47:50,-33.0117,17.9442,60.85,83,1,7.38
366,Tezu,IN,2021-08-06 16:47:50,27.9167,96.1667,77.63,98,87,4.61
367,Nishihara,JP,2021-08-06 16:47:51,26.1842,127.7558,82.06,94,75,17.27
368,Big Spring,US,2021-08-06 16:47:51,32.2504,-101.4787,87.28,59,1,4.0
369,Bonavista,CA,2021-08-06 16:47:51,48.6499,-53.1147,86.0,74,43,20.27
370,National City,US,2021-08-06 16:44:00,32.6781,-117.0992,102.25,88,90,9.22
371,Mirzapur,IN,2021-08-06 16:47:52,25.15,82.5833,84.16,83,100,8.57
372,Abu Dhabi,AE,2021-08-06 16:46:52,24.4667,54.3667,96.91,59,0,5.75
373,Coihaique,CL,2021-08-06 16:47:52,-45.5752,-72.0662,42.91,70,40,3.44
374,Lavrentiya,RU,2021-08-06 16:47:53,65.5833,-171.0,44.22,88,100,11.05
375,Pascagoula,US,2021-08-06 16:46:03,30.3658,-88.5561,90.05,60,20,4.61
376,Pandan Niog,PH,2021-08-06 16:47:53,6.2282,120.5631,84.2,75,49,11.23
377,Sobolevo,RU,2021-08-06 16:47:54,54.4299,31.8996,67.08,92,100,7.58
378,Tuy Hoa,VN,2021-08-06 16:47:54,13.0833,109.3,85.48,64,99,12.77
379,Buraydah,SA,2021-08-06 16:47:54,26.326,43.975,102.65,10,81,9.33
380,Zyryanka,RU,2021-08-06 16:47:54,65.75,150.85,44.76,88,62,6.58
381,Bambous Virieux,MU,2021-08-06 16:47:55,-20.3428,57.7575,70.21,77,75,16.11
382,Hambantota,LK,2021-08-06 16:47:55,6.1241,81.1185,80.17,77,100,19.22
383,Coroata,BR,2021-08-06 16:47:55,-4.13,-44.1242,96.3,28,4,4.85
384,Christchurch,NZ,2021-08-06 16:45:44,-43.5333,172.6333,40.91,93,63,2.3
385,Amapa,BR,2021-08-06 16:47:56,1.0,-52.0,89.74,48,45,3.65
386,College,US,2021-08-06 16:47:56,64.8569,-147.8028,63.59,86,90,1.99
387,Kafanchan,NG,2021-08-06 16:47:56,9.5833,8.3,70.77,93,99,3.76
388,Labuhan,ID,2021-08-06 16:47:57,-6.8844,112.2051,78.53,83,22,10.36
389,Fort Nelson,CA,2021-08-06 16:47:57,58.8053,-122.7002,62.19,88,90,0.0
390,Palencia,ES,2021-08-06 16:47:57,42.4167,-4.5,82.92,15,53,14.03
391,Parrita,CR,2021-08-06 16:47:57,9.5201,-84.3225,93.99,75,39,6.13
392,Biak,ID,2021-08-06 16:47:58,-0.9131,122.8766,75.33,85,100,7.45
393,Inuvik,CA,2021-08-06 16:47:58,68.3499,-133.7218,42.84,87,90,6.91
394,Lafia,NG,2021-08-06 16:47:59,8.4833,8.5167,78.91,82,100,7.29
395,Panama City,PA,2021-08-06 16:45:14,8.9936,-79.5197,88.14,72,40,4.61
396,Sembabule,UG,2021-08-06 16:47:59,-0.0772,31.4567,70.92,57,58,4.59
397,Ritchie,ZA,2021-08-06 16:47:59,-29.038,24.6028,61.81,20,3,9.4
398,Havre-Saint-Pierre,CA,2021-08-06 16:48:00,50.2334,-63.5986,70.16,78,40,6.91
399,Srednekolymsk,RU,2021-08-06 16:48:00,67.45,153.6833,46.22,85,98,4.74
400,Zhigansk,RU,2021-08-06 16:48:00,66.7697,123.3711,51.8,54,38,7.96
401,Margate,GB,2021-08-06 16:45:38,51.3813,1.3862,71.04,63,21,4.0
402,Hanna,CA,2021-08-06 16:48:01,51.6334,-111.9018,73.42,29,84,11.65
403,Forest Grove,US,2021-08-06 16:48:01,45.5198,-123.1107,70.63,74,90,7.0
404,Port Blair,IN,2021-08-06 16:48:01,11.6667,92.75,81.72,84,100,17.52
405,Samarai,PG,2021-08-06 16:48:02,-10.6167,150.6667,76.78,79,100,16.04
406,Lincoln,US,2021-08-06 16:43:55,40.8,-96.667,83.64,61,1,13.8
407,Bilibino,RU,2021-08-06 16:48:02,68.0546,166.4372,50.61,89,100,5.66
408,Kyzyl-Suu,KG,2021-08-06 16:48:03,42.3414,78.0056,63.93,53,82,1.66
409,Tiarei,PF,2021-08-06 16:48:03,-17.5333,-149.3333,73.42,72,12,6.51
410,Indianola,US,2021-08-06 16:48:04,41.3581,-93.5574,81.57,79,47,3.8
411,Mutis,CO,2021-08-06 16:48:04,6.2262,-77.4044,81.46,81,69,7.2
412,Buala,SB,2021-08-06 16:48:05,-8.145,159.5921,77.97,80,96,7.34
413,Vila Franca Do Campo,PT,2021-08-06 16:48:06,37.7167,-25.4333,75.61,67,13,12.55
414,Kamenka,RU,2021-08-06 16:48:06,51.3223,42.7678,75.34,43,29,11.03
415,Alice Springs,AU,2021-08-06 16:48:03,-23.7,133.8833,38.75,65,0,0.0
416,Champerico,GT,2021-08-06 16:48:08,14.3,-91.9167,87.94,67,62,1.05
417,Xai-Xai,MZ,2021-08-06 16:48:08,-25.0519,33.6442,68.38,59,0,9.6
418,Cotonou,BJ,2021-08-06 16:48:08,6.3654,2.4183,78.71,77,69,11.34
419,Sakaiminato,JP,2021-08-06 16:48:09,35.55,133.2333,84.18,70,75,2.3
420,Dalbandin,PK,2021-08-06 16:48:09,28.8947,64.4101,93.85,10,0,15.5
421,Arkhara,RU,2021-08-06 16:48:09,49.4212,130.0842,63.0,93,100,4.25
422,Gushikawa,JP,2021-08-06 16:48:10,26.3544,127.8686,81.99,89,90,13.8
423,Stokmarknes,NO,2021-08-06 16:48:10,68.5646,14.9108,71.58,46,0,1.14
424,Nome,US,2021-08-06 16:48:10,64.5011,-165.4064,52.16,87,90,9.22
425,Tarauaca,BR,2021-08-06 16:48:11,-8.1614,-70.7656,95.04,25,3,2.89
426,Warragul,AU,2021-08-06 16:48:11,-38.1667,145.9333,53.65,90,100,3.0
427,Masunga,BW,2021-08-06 16:48:11,-20.6246,27.4488,62.98,20,0,8.41
428,Dali,CN,2021-08-06 16:48:12,25.7,100.1833,64.62,90,86,4.72
429,Chulman,RU,2021-08-06 16:48:12,56.8479,124.9104,55.24,96,100,3.69
430,Llangefni,GB,2021-08-06 16:48:12,53.2556,-4.3106,64.26,80,75,26.46
431,Khani,GE,2021-08-06 16:48:13,41.9563,42.9566,72.97,53,13,3.33
432,Teya,RU,2021-08-06 16:48:13,60.3778,92.6267,61.09,65,55,0.65
433,Putina,PE,2021-08-06 16:48:13,-15.4667,-69.4333,49.86,47,6,7.78
434,Haines Junction,CA,2021-08-06 16:44:16,60.7522,-137.5108,51.75,93,100,2.3
435,Luwingu,ZM,2021-08-06 16:48:14,-10.2621,29.9271,67.55,32,4,5.64
436,Sao Mateus Do Maranhao,BR,2021-08-06 16:48:14,-4.0417,-44.475,96.24,27,5,5.82
437,Vila Velha,BR,2021-08-06 16:47:18,-20.3297,-40.2925,75.96,63,40,12.66
438,Mount Darwin,ZW,2021-08-06 16:48:16,-16.7725,31.5838,63.88,35,0,3.69
439,Huarmey,PE,2021-08-06 16:48:16,-10.0681,-78.1522,70.16,68,25,11.61
440,Takoradi,GH,2021-08-06 16:48:16,4.8845,-1.7554,80.37,69,47,14.07
441,Przeworsk,PL,2021-08-06 16:48:17,50.0591,22.4941,61.93,77,80,15.05
442,Clarence Town,AU,2021-08-06 16:48:18,-32.5833,151.7833,51.85,88,0,4.0
443,Huambo,AO,2021-08-06 16:48:18,-12.7761,15.7392,70.14,15,0,2.24
444,Moyale,KE,2021-08-06 16:48:19,3.5167,39.0584,69.94,54,77,4.56
445,Iqaluit,CA,2021-08-06 16:48:19,63.7506,-68.5145,44.33,70,90,5.01
446,Beira,MZ,2021-08-06 16:48:19,-19.8436,34.8389,69.93,82,1,9.08
447,Victoria,HK,2021-08-06 16:47:17,22.2855,114.1577,84.38,90,100,11.01
448,Elliot Lake,CA,2021-08-06 16:48:21,46.3834,-82.6331,68.09,94,100,8.3
449,San Quintin,MX,2021-08-06 16:48:21,30.4833,-115.95,72.86,69,37,6.62
450,Belmonte,BR,2021-08-06 16:48:21,-15.8631,-38.8828,78.8,61,91,14.85
451,Acapulco,MX,2021-08-06 16:45:09,16.8634,-99.8901,82.22,74,90,8.05
452,Rockwall,US,2021-08-06 16:48:22,32.9001,-96.4003,91.35,60,1,11.5
453,Pacific Grove,US,2021-08-06 16:48:22,36.6177,-121.9166,74.16,96,90,5.01
454,Faanui,PF,2021-08-06 16:48:23,-16.4833,-151.75,78.6,74,12,11.14
455,Albion,US,2021-08-06 16:44:43,42.2431,-84.753,81.18,57,90,10.36
456,Mahibadhoo,MV,2021-08-06 16:48:23,3.7833,72.9667,83.48,76,100,15.86
457,Saint-Joseph,RE,2021-08-06 16:48:24,-21.3667,55.6167,66.58,80,48,13.87
458,Conde,BR,2021-08-06 16:48:24,-7.2597,-34.9075,81.86,57,75,21.85
459,Umm Lajj,SA,2021-08-06 16:48:24,25.0213,37.2685,94.3,43,1,3.94
460,Kyra,RU,2021-08-06 16:48:25,49.5776,111.9753,57.27,89,79,2.13
461,Olafsvik,IS,2021-08-06 16:48:25,64.8945,-23.7142,54.0,83,23,6.11
462,Khuzdar,PK,2021-08-06 16:48:26,27.7384,66.6434,88.16,15,0,2.8
463,Soto La Marina,MX,2021-08-06 16:46:08,23.7667,-98.2167,88.77,46,100,5.75
464,Maltahohe,NA,2021-08-06 16:48:26,-24.8333,16.9833,62.92,10,2,10.71
465,Martapura,ID,2021-08-06 16:48:26,-3.4167,114.85,77.09,94,85,1.14
466,Quatre Cocos,MU,2021-08-06 16:48:26,-20.2078,57.7625,70.09,73,39,17.13
467,Te Anau,NZ,2021-08-06 16:48:27,-45.4167,167.7167,37.96,91,56,4.68
468,Yar-Sale,RU,2021-08-06 16:48:27,66.8333,70.8333,65.93,65,46,5.79
469,Rizhao,CN,2021-08-06 16:48:28,35.4275,119.4553,76.42,90,24,2.39
470,Ekuvukeni,ZA,2021-08-06 16:48:28,-28.4675,30.1551,64.35,31,0,2.26
471,Lyngdal,NO,2021-08-06 16:48:28,58.1376,7.07,69.89,66,41,20.69
472,Barcelos,PT,2021-08-06 16:48:29,41.5388,-8.6151,74.28,59,21,7.65
473,Portland,US,2021-08-06 16:48:29,45.5234,-122.6762,70.57,83,90,3.0
474,Harare,ZW,2021-08-06 16:44:09,-17.8294,31.0539,63.07,27,0,3.56
475,Hovd,MN,2021-08-06 16:48:29,48.0056,91.6419,57.0,70,66,1.66
476,Port Hedland,AU,2021-08-06 16:48:30,-20.3167,118.5667,62.65,29,17,8.05
477,Wewak,PG,2021-08-06 16:48:30,-3.5534,143.6268,79.02,85,91,5.35
478,Sucua,EC,2021-08-06 16:48:31,-2.4667,-78.1667,75.94,73,40,1.14
479,Lahuachaca,BO,2021-08-06 16:48:31,-17.3667,-67.6667,55.6,15,0,5.7
480,Rokytne,UA,2021-08-06 16:48:31,51.2796,27.214,65.32,73,45,10.45
481,Scarborough,GB,2021-08-06 16:45:00,54.2797,-0.4044,64.53,91,94,4.0
482,Tromso,NO,2021-08-06 16:48:32,69.6496,18.957,74.05,52,0,8.05
483,Bambanglipuro,ID,2021-08-06 16:48:32,-7.95,110.2833,75.74,91,36,3.96
484,Kula,TR,2021-08-06 16:48:32,38.5473,28.6498,86.34,21,100,14.29
485,Esna,EG,2021-08-06 16:48:33,25.2934,32.554,105.82,10,1,11.03
486,Dickinson,US,2021-08-06 16:48:33,29.4608,-95.0513,90.25,67,75,1.99
487,Tazovskiy,RU,2021-08-06 16:48:33,67.4667,78.7,62.94,66,12,5.59
488,Port Lincoln,AU,2021-08-06 16:48:34,-34.7333,135.8667,54.25,70,100,5.95
489,Olkhovatka,RU,2021-08-06 16:48:34,50.2831,39.2872,77.0,49,51,7.11
490,Port Moresby,PG,2021-08-06 16:48:34,-9.4431,147.1797,72.28,87,93,12.41
491,Padang,ID,2021-08-06 16:48:35,-0.9492,100.3543,78.67,82,94,3.47
492,Ossora,RU,2021-08-06 16:48:35,59.2353,163.0719,50.81,87,85,15.55
493,Ilulissat,GL,2021-08-06 16:48:36,69.2167,-51.1,42.82,81,75,4.61
494,Sola,VU,2021-08-06 16:48:37,-13.8833,167.55,78.33,78,24,16.11
495,Mbanza-Ngungu,CD,2021-08-06 16:48:37,-5.25,14.8667,82.33,38,35,5.86
496,Victor Harbor,AU,2021-08-06 16:48:38,-35.5667,138.6167,53.69,80,76,6.42
497,Angoche,MZ,2021-08-06 16:48:38,-16.2325,39.9086,74.28,76,17,9.4
498,Puerto Lopez,CO,2021-08-06 16:48:39,4.0845,-72.956,77.36,78,98,2.8
499,Bayeux,BR,2021-08-06 16:48:39,-7.125,-34.9322,83.03,57,75,21.85
500,Lasa,IT,2021-08-06 16:48:39,46.6166,10.7002,76.91,60,81,2.64
501,Oksfjord,NO,2021-08-06 16:48:40,70.2396,22.3479,66.27,58,70,3.15
502,Kultuk,RU,2021-08-06 16:48:40,51.7208,103.6956,60.91,96,100,3.94
503,Sabha,LY,2021-08-06 16:48:40,27.0377,14.4283,102.94,7,0,9.22
504,Shebalino,RU,2021-08-06 16:48:40,51.2917,85.6772,52.93,91,92,3.02
505,Rakai,UG,2021-08-06 16:48:41,-0.72,31.4839,66.67,70,25,3.24
506,San Juan,AR,2021-08-06 16:48:41,-31.5375,-68.5364,73.96,21,55,4.14
507,Tena,EC,2021-08-06 16:48:41,-0.9833,-77.8167,78.96,41,16,4.81
508,Tabuk,PH,2021-08-06 16:48:42,17.4189,121.4443,77.65,75,100,2.73
509,Hwange,ZW,2021-08-06 16:48:43,-18.3693,26.5019,70.56,24,0,2.75
510,Necochea,AR,2021-08-06 16:48:43,-38.5473,-58.7368,68.04,53,99,16.24
511,Helong,CN,2021-08-06 16:48:44,42.5397,128.9972,65.07,97,100,4.41
512,Vestmanna,FO,2021-08-06 16:48:44,62.1564,-7.1664,59.92,82,75,10.36
513,Valparaiso,CL,2021-08-06 16:44:46,-33.0393,-71.6273,54.52,91,90,4.61
514,Brainerd,US,2021-08-06 16:48:32,46.358,-94.2008,73.65,60,75,0.0
515,Oktyabrskiy,RU,2021-08-06 16:48:45,54.4815,53.471,64.09,46,66,6.35
516,Itarema,BR,2021-08-06 16:48:45,-2.9248,-39.9167,84.56,59,42,18.1
517,Mogadishu,SO,2021-08-06 16:46:00,2.0371,45.3438,76.23,78,53,17.9
518,Jiayuguan,CN,2021-08-06 16:48:45,39.8167,98.3,78.49,18,64,4.03
519,Morris,US,2021-08-06 16:47:16,40.8334,-74.5329,88.38,56,0,1.01
520,Vao,NC,2021-08-06 16:48:46,-22.6667,167.4833,67.95,68,95,13.53
521,Havelock,US,2021-08-06 16:48:06,34.8791,-76.9013,84.97,80,75,5.99
522,Camp Verde,US,2021-08-06 16:48:46,34.5636,-111.8543,95.63,43,0,4.0
523,Hare Bay,CA,2021-08-06 16:48:46,48.8499,-54.0148,85.6,50,45,18.84
524,Sorong,ID,2021-08-06 16:48:47,-0.8833,131.25,77.83,88,100,8.59
525,Baoma,CN,2021-08-06 16:48:47,31.4859,106.1128,77.83,86,73,2.77
526,Pangnirtung,CA,2021-08-06 16:48:48,66.1451,-65.7125,44.6,76,90,2.3
527,Bindura,ZW,2021-08-06 16:48:48,-17.3019,31.3306,69.01,30,0,2.86
528,Kharp,RU,2021-08-06 16:48:49,66.8014,65.8081,66.61,70,100,6.44
529,Taunggyi,MM,2021-08-06 16:48:49,20.7833,97.0333,64.0,95,94,4.56
530,Kaduy,RU,2021-08-06 16:48:50,59.2,37.15,62.64,86,100,9.33
531,Henties Bay,NA,2021-08-06 16:48:50,-22.116,14.2845,58.86,77,1,8.79
532,Aasiaat,GL,2021-08-06 16:48:51,68.7098,-52.8699,38.23,92,100,1.68
533,Okha,RU,2021-08-06 16:48:51,53.5739,142.9478,54.75,90,100,13.58
534,Marsh Harbour,BS,2021-08-06 16:48:52,26.5412,-77.0636,84.9,71,8,14.41
535,Beloha,MG,2021-08-06 16:48:52,-25.1667,45.05,68.29,60,1,6.96
536,Lenger,KZ,2021-08-06 16:48:53,42.183,69.8839,85.44,21,2,8.75
537,Gogrial,SS,2021-08-06 16:48:54,8.5332,28.1004,81.36,62,100,3.56
538,Yakima,US,2021-08-06 16:47:31,46.4665,-120.6678,80.19,50,1,5.75
539,Hojo,JP,2021-08-06 16:48:54,33.9766,132.7777,84.11,68,7,1.77
540,Benavente,ES,2021-08-06 16:48:55,42.0025,-5.6783,84.99,20,89,21.65
541,Douentza,ML,2021-08-06 16:48:55,14.9951,-2.9517,94.96,35,92,5.1
542,Mokhsogollokh,RU,2021-08-06 16:48:56,61.4681,128.9203,60.78,53,97,8.9
543,Kisangani,CD,2021-08-06 16:48:56,0.5167,25.2,80.22,63,99,2.71
544,Dolinsk,RU,2021-08-06 16:48:56,47.35,142.8,69.66,97,100,7.58
545,Virginia Beach,US,2021-08-06 16:46:15,36.8529,-75.978,85.1,64,20,9.22
546,Port Augusta,AU,2021-08-06 16:48:58,-32.5,137.7667,52.7,78,100,7.36
547,Mayo,US,2021-08-06 16:48:58,38.8876,-76.5119,91.74,58,22,3.0
548,Muhos,FI,2021-08-06 16:48:58,64.808,25.9931,71.38,50,11,4.5
549,Sao Miguel Do Tapuio,BR,2021-08-06 16:48:58,-5.5036,-41.3233,96.94,20,3,8.43
550,Moron,AR,2021-08-06 16:48:59,-34.6534,-58.6198,72.01,72,7,3.0
551,Arys,KZ,2021-08-06 16:48:59,42.4252,68.795,91.62,14,0,10.6
552,Afikpo,NG,2021-08-06 16:49:00,5.8931,7.9374,75.69,91,100,5.12
553,Naze,JP,2021-08-06 16:49:00,28.3667,129.4833,78.01,88,95,7.81
554,Kamaishi,JP,2021-08-06 16:49:00,39.2667,141.8833,74.82,91,16,7.2
555,Kangaba,ML,2021-08-06 16:49:01,11.9333,-8.4167,80.38,76,95,6.85
556,Chapais,CA,2021-08-06 16:47:45,49.7834,-74.8492,71.38,55,99,15.28
557,Yuancheng,CN,2021-08-06 16:49:01,36.652,107.7896,73.54,46,98,4.43
558,Sosnovoborsk,RU,2021-08-06 16:49:02,56.1325,93.3589,60.35,90,96,2.28
559,Wanaka,NZ,2021-08-06 16:49:02,-44.7,169.15,38.79,90,72,6.29
560,Taveta,KE,2021-08-06 16:49:03,-3.3963,37.6736,72.99,57,94,10.42
561,Trinidad,BO,2021-08-06 16:49:03,-14.8333,-64.9,84.18,45,0,4.61
562,Axim,GH,2021-08-06 16:49:04,4.8699,-2.2405,78.82,72,44,11.03
563,Camacha,PT,2021-08-06 16:49:04,33.0833,-16.3333,78.53,73,20,14.97
564,Kamina,CD,2021-08-06 16:49:05,-8.7386,24.9906,74.41,21,8,4.72
565,Nago,JP,2021-08-06 16:49:05,26.5881,127.9761,82.83,90,100,8.39
566,Monywa,MM,2021-08-06 16:49:06,22.1167,95.1333,78.58,87,98,11.83
567,Sisian,AM,2021-08-06 16:49:06,39.5256,46.0251,80.96,50,21,5.73
568,Erzin,TR,2021-08-06 16:49:07,36.9559,36.2,90.32,64,2,2.82
569,Ahuimanu,US,2021-08-06 16:49:07,21.4447,-157.8378,78.51,76,90,11.5
570,Elko,US,2021-08-06 16:49:08,41.0002,-115.5012,68.74,30,2,5.99
571,Hoima,UG,2021-08-06 16:49:08,1.4356,31.3436,70.56,64,38,4.32
572,Warrnambool,AU,2021-08-06 16:49:09,-38.3833,142.4833,50.81,81,100,13.65
573,Tomatlan,MX,2021-08-06 16:46:08,19.9333,-105.25,87.17,62,96,2.86
574,Xuchang,CN,2021-08-06 16:49:09,34.0167,113.8167,83.28,87,22,2.66
575,Oranjemund,NA,2021-08-06 16:49:10,-28.55,16.4333,57.42,76,25,5.32
576,Povenets,RU,2021-08-06 16:49:10,62.8487,34.8262,62.74,56,13,7.31
577,Ucluelet,CA,2021-08-06 16:49:11,48.9329,-125.5528,64.96,82,97,1.01
578,Yining,CN,2021-08-06 16:49:11,29.0361,114.5636,77.68,93,4,1.57
579,Muisne,EC,2021-08-06 16:49:12,0.6,-80.0333,79.0,74,100,10.4
580,Itoman,JP,2021-08-06 16:49:12,26.1247,127.6694,82.78,94,75,17.27
